matricula,username
101101,101101@psa.br
105105,105105@psa.br
108108,108108@psa.br
109109,109109@psa.br
114114,114114@psa.br
120120,120120@psa.br
121121,121121@psa.br
126126,126126@psa.br
127127,127127@psa.br
134134,134134@psa.br
135135,135135@psa.br
139139,139139@psa.br
145145,145145@psa.br
148148,148148@psa.br
155155,155155@psa.br
159159,159159@psa.br
161161,161161@psa.br
168168,168168@psa.br
171171,171171@psa.br
178178,178178@psa.br
184184,184184@psa.br
191191,191191@psa.br
198198,198198@psa.br
203203,203203@psa.br
207207,207207@psa.br
213213,213213@psa.br
219219,219219@psa.br
226226,226226@psa.br
227227,227227@psa.br
230230,230230@psa.br
235235,235235@psa.br
239239,239239@psa.br
243243,243243@psa.br
250250,250250@psa.br
254254,254254@psa.br
255255,255255@psa.br
260260,260260@psa.br
261261,261261@psa.br
263263,263263@psa.br
269269,269269@psa.br
276276,276276@psa.br
283283,283283@psa.br
287287,287287@psa.br
291291,291291@psa.br
296296,296296@psa.br
300300,300300@psa.br
303303,303303@psa.br
308308,308308@psa.br
312312,312312@psa.br
317317,317317@psa.br
323323,323323@psa.br
328328,328328@psa.br
329329,329329@psa.br
330330,330330@psa.br
331331,331331@psa.br
338338,338338@psa.br
344344,344344@psa.br
349349,349349@psa.br
352352,352352@psa.br
357357,357357@psa.br
359359,359359@psa.br
364364,364364@psa.br
370370,370370@psa.br
376376,376376@psa.br
377377,377377@psa.br
380380,380380@psa.br
386386,386386@psa.br
389389,389389@psa.br
393393,393393@psa.br
397397,397397@psa.br
400400,400400@psa.br
401401,401401@psa.br
402402,402402@psa.br
408408,408408@psa.br
414414,414414@psa.br
415415,415415@psa.br
418418,418418@psa.br
425425,425425@psa.br
427427,427427@psa.br
429429,429429@psa.br
435435,435435@psa.br
442442,442442@psa.br
449449,449449@psa.br
456456,456456@psa.br
457457,457457@psa.br
462462,462462@psa.br
463463,463463@psa.br
470470,470470@psa.br
473473,473473@psa.br
480480,480480@psa.br
486486,486486@psa.br
489489,489489@psa.br
492492,492492@psa.br
496496,496496@psa.br
500500,500500@psa.br
507507,507507@psa.br
513513,513513@psa.br
517517,517517@psa.br
519519,519519@psa.br
525525,525525@psa.br
528528,528528@psa.br
532532,532532@psa.br
537537,537537@psa.br
538538,538538@psa.br
542542,542542@psa.br
546546,546546@psa.br
550550,550550@psa.br
555555,555555@psa.br
559559,559559@psa.br
563563,563563@psa.br
568568,568568@psa.br
571571,571571@psa.br
577577,577577@psa.br
584584,584584@psa.br
589589,589589@psa.br
593593,593593@psa.br
594594,594594@psa.br
599599,599599@psa.br
605605,605605@psa.br
609609,609609@psa.br
611611,611611@psa.br
614614,614614@psa.br
619619,619619@psa.br
625625,625625@psa.br
629629,629629@psa.br
631631,631631@psa.br
636636,636636@psa.br
642642,642642@psa.br
648648,648648@psa.br
649649,649649@psa.br
651651,651651@psa.br
658658,658658@psa.br
663663,663663@psa.br
666666,666666@psa.br
671671,671671@psa.br
677677,677677@psa.br
682682,682682@psa.br
687687,687687@psa.br
691691,691691@psa.br
698698,698698@psa.br
702702,702702@psa.br
709709,709709@psa.br
715715,715715@psa.br
717717,717717@psa.br
723723,723723@psa.br
726726,726726@psa.br
727727,727727@psa.br
732732,732732@psa.br
738738,738738@psa.br
742742,742742@psa.br
746746,746746@psa.br
748748,748748@psa.br
754754,754754@psa.br
756756,756756@psa.br
763763,763763@psa.br
765765,765765@psa.br
772772,772772@psa.br
774774,774774@psa.br
781781,781781@psa.br
787787,787787@psa.br
794794,794794@psa.br
796796,796796@psa.br
802802,802802@psa.br
803803,803803@psa.br
809809,809809@psa.br
810810,810810@psa.br
812812,812812@psa.br
813813,813813@psa.br
816816,816816@psa.br
