101101,101101@psa.br,123456
105105,105105@psa.br,123456
108108,108108@psa.br,123456
109109,109109@psa.br,123456
114114,114114@psa.br,123456
120120,120120@psa.br,123456
121121,121121@psa.br,123456
126126,126126@psa.br,123456
127127,127127@psa.br,123456
134134,134134@psa.br,123456
135135,135135@psa.br,123456
139139,139139@psa.br,123456
145145,145145@psa.br,123456
148148,148148@psa.br,123456
155155,155155@psa.br,123456
159159,159159@psa.br,123456
161161,161161@psa.br,123456
168168,168168@psa.br,123456
171171,171171@psa.br,123456
178178,178178@psa.br,123456
184184,184184@psa.br,123456
191191,191191@psa.br,123456
198198,198198@psa.br,123456
203203,203203@psa.br,123456
207207,207207@psa.br,123456
213213,213213@psa.br,123456
219219,219219@psa.br,123456
226226,226226@psa.br,123456
227227,227227@psa.br,123456
230230,230230@psa.br,123456
235235,235235@psa.br,123456
239239,239239@psa.br,123456
243243,243243@psa.br,123456
250250,250250@psa.br,123456
254254,254254@psa.br,123456
255255,255255@psa.br,123456
260260,260260@psa.br,123456
261261,261261@psa.br,123456
263263,263263@psa.br,123456
269269,269269@psa.br,123456
276276,276276@psa.br,123456
283283,283283@psa.br,123456
287287,287287@psa.br,123456
291291,291291@psa.br,123456
296296,296296@psa.br,123456
300300,300300@psa.br,123456
303303,303303@psa.br,123456
308308,308308@psa.br,123456
312312,312312@psa.br,123456
317317,317317@psa.br,123456
323323,323323@psa.br,123456
328328,328328@psa.br,123456
329329,329329@psa.br,123456
330330,330330@psa.br,123456
331331,331331@psa.br,123456
338338,338338@psa.br,123456
344344,344344@psa.br,123456
349349,349349@psa.br,123456
352352,352352@psa.br,123456
357357,357357@psa.br,123456
359359,359359@psa.br,123456
364364,364364@psa.br,123456
370370,370370@psa.br,123456
376376,376376@psa.br,123456
377377,377377@psa.br,123456
380380,380380@psa.br,123456
386386,386386@psa.br,123456
389389,389389@psa.br,123456
393393,393393@psa.br,123456
397397,397397@psa.br,123456
400400,400400@psa.br,123456
401401,401401@psa.br,123456
402402,402402@psa.br,123456
408408,408408@psa.br,123456
414414,414414@psa.br,123456
415415,415415@psa.br,123456
418418,418418@psa.br,123456
425425,425425@psa.br,123456
427427,427427@psa.br,123456
429429,429429@psa.br,123456
435435,435435@psa.br,123456
442442,442442@psa.br,123456
449449,449449@psa.br,123456
456456,456456@psa.br,123456
457457,457457@psa.br,123456
462462,462462@psa.br,123456
463463,463463@psa.br,123456
470470,470470@psa.br,123456
473473,473473@psa.br,123456
480480,480480@psa.br,123456
486486,486486@psa.br,123456
489489,489489@psa.br,123456
492492,492492@psa.br,123456
496496,496496@psa.br,123456
500500,500500@psa.br,123456
507507,507507@psa.br,123456
513513,513513@psa.br,123456
517517,517517@psa.br,123456
519519,519519@psa.br,123456
525525,525525@psa.br,123456
528528,528528@psa.br,123456
532532,532532@psa.br,123456
537537,537537@psa.br,123456
538538,538538@psa.br,123456
542542,542542@psa.br,123456
546546,546546@psa.br,123456
550550,550550@psa.br,123456
555555,555555@psa.br,123456
559559,559559@psa.br,123456
563563,563563@psa.br,123456
568568,568568@psa.br,123456
571571,571571@psa.br,123456
577577,577577@psa.br,123456
584584,584584@psa.br,123456
589589,589589@psa.br,123456
593593,593593@psa.br,123456
594594,594594@psa.br,123456
599599,599599@psa.br,123456
605605,605605@psa.br,123456
609609,609609@psa.br,123456
611611,611611@psa.br,123456
614614,614614@psa.br,123456
619619,619619@psa.br,123456
625625,625625@psa.br,123456
629629,629629@psa.br,123456
631631,631631@psa.br,123456
636636,636636@psa.br,123456
642642,642642@psa.br,123456
648648,648648@psa.br,123456
649649,649649@psa.br,123456
651651,651651@psa.br,123456
658658,658658@psa.br,123456
663663,663663@psa.br,123456
666666,666666@psa.br,123456
671671,671671@psa.br,123456
677677,677677@psa.br,123456
682682,682682@psa.br,123456
687687,687687@psa.br,123456
691691,691691@psa.br,123456
698698,698698@psa.br,123456
702702,702702@psa.br,123456
709709,709709@psa.br,123456
715715,715715@psa.br,123456
717717,717717@psa.br,123456
723723,723723@psa.br,123456
726726,726726@psa.br,123456
727727,727727@psa.br,123456
732732,732732@psa.br,123456
738738,738738@psa.br,123456
742742,742742@psa.br,123456
746746,746746@psa.br,123456
748748,748748@psa.br,123456
754754,754754@psa.br,123456
756756,756756@psa.br,123456
763763,763763@psa.br,123456
765765,765765@psa.br,123456
772772,772772@psa.br,123456
774774,774774@psa.br,123456
781781,781781@psa.br,123456
787787,787787@psa.br,123456
794794,794794@psa.br,123456
796796,796796@psa.br,123456
802802,802802@psa.br,123456
803803,803803@psa.br,123456
809809,809809@psa.br,123456
810810,810810@psa.br,123456
812812,812812@psa.br,123456
813813,813813@psa.br,123456
816816,816816@psa.br,123456
