101101,4115H-04,APR,123
101101,4611F-04,APR,168
101101,254PF-04,APR,168
101101,4636U-04,APR,168
101101,41238-04,APR,168
101101,4636Z-04,APR,168
101101,4636X-04,APR,178
101101,46520-04,APR,127
101101,4636H-04,APR,178
101101,2540L-04,APR,128
101101,4611H-02,APR,127
101101,4637N-02,APR,168
101101,4636R-04,APR,168
101101,46506-04,APR,127
101101,4636T-04,APR,168
101101,4637B-04,APR,168
101101,4636D-02,APR,168
101101,4637H-04,APR,168
101101,4637C-04,APR,168
101101,4637A-02,APR,168
101101,4636P-04,APR,168
105105,15091-04,APR,168
105105,2540L-04,APR,168
105105,11521-04,APR,168
105105,4636F-02,APR,168
105105,4636X-04,APR,178
105105,4636Z-04,APR,168
105105,46506-04,APR,168
105105,4611F-04,APR,168
105105,4636K-04,APR,168
105105,4636T-04,APR,178
105105,4636M-02,APR,168
105105,4636L-04,APR,168
105105,4636H-04,APR,168
105105,24135-02,APR,168
105105,46520-04,APR,168
105105,4636N-04,APR,168
105105,254AU-04,APR,168
105105,4611H-02,APR,127
105105,4636R-04,APR,168
105105,4636P-04,APR,168
105105,4637K-02,APR,168
105105,4637B-04,APR,178
105105,4637A-02,APR,168
105105,4636D-02,APR,168
105105,4637H-04,APR,168
108108,4115L-02,APR,178
109109,24135-02,APR,128
109109,4115H-04,APR,128
109109,11521-04,APR,150
109109,2540L-04,APR,168
109109,15091-04,APR,128
109109,4636F-02,APR,168
109109,4636Z-04,APR,168
109109,46506-04,APR,168
109109,4636X-04,APR,178
109109,4636T-04,APR,168
114114,4115L-02,APR,168
120120,11521-04,APR,179
120120,254PF-04,APR,168
120120,4636U-04,APR,168
120120,2540L-04,APR,168
121121,4115L-02,APR,168
121121,4115H-04,APR,168
121121,2540L-04,APR,178
121121,41238-04,APR,168
121121,15091-04,APR,168
121121,24135-02,APR,168
121121,11521-04,APR,140
121121,46520-04,APR,127
121121,4637H-04,APR,168
121121,4636Z-04,APR,168
121121,4636K-04,APR,168
121121,4636M-02,APR,168
121121,4636R-04,APR,168
121121,4637G-04,APR,168
121121,46506-04,APR,137
121121,4611H-02,APR,127
121121,4636L-04,APR,168
121121,4637A-02,APR,168
121121,4636H-04,APR,168
121121,4636T-04,APR,168
121121,4637J-02,APR,168
126126,4115L-02,APR,168
126126,2540L-04,APR,168
127127,254PF-04,APR,168
127127,4611F-04,APR,168
127127,4636U-04,APR,168
127127,24135-02,APR,168
127127,4636F-02,APR,168
127127,2540L-04,APR,128
127127,4636X-04,APR,178
127127,4636Z-04,APR,168
127127,4636H-04,APR,168
127127,46506-04,APR,168
127127,4636T-04,APR,168
127127,4636P-04,APR,168
127127,4637H-04,APR,168
127127,4636K-04,APR,168
127127,4637B-04,APR,168
127127,4611H-02,APR,127
127127,4636M-02,APR,168
127127,254AU-04,APR,168
127127,4636R-04,APR,168
127127,4637G-04,APR,168
127127,11521-04,APR,270
127127,4637K-02,APR,168
127127,4637E-02,APR,168
127127,4637A-02,APR,168
127127,4636N-04,APR,168
127127,4636B-04,APR,168
127127,4636Q-04,APR,168
134134,4115L-02,APR,178
134134,2540L-04,APR,128
134134,4115H-04,APR,178
134134,4636Z-04,APR,168
134134,4636F-02,APR,168
134134,4611F-04,APR,168
134134,4636H-04,APR,178
134134,46506-04,APR,168
134134,4636T-04,APR,178
134134,4636X-04,APR,178
134134,4637H-04,APR,168
134134,4636K-04,APR,168
134134,4636P-04,APR,168
134134,4637C-04,APR,178
134134,4636L-04,APR,168
134134,46520-04,APR,168
134134,4637B-04,APR,178
134134,4637G-04,APR,168
134134,41238-04,APR,168
134134,4611H-02,APR,127
134134,254AU-04,APR,168
134134,4636M-02,APR,168
135135,4115L-02,APR,168
135135,2540L-04,APR,178
135135,4636Z-04,APR,168
135135,4636R-04,APR,168
135135,4636M-02,APR,168
135135,4611H-02,APR,127
135135,4636N-04,APR,168
135135,4637K-02,APR,168
139139,4115H-04,APR,128
139139,41238-04,APR,168
139139,4611E-04,APR,168
139139,4636X-04,APR,178
139139,4636K-04,APR,168
139139,4636F-02,APR,168
139139,254PF-04,APR,168
139139,46506-04,APR,137
139139,4636T-04,APR,168
139139,4637H-04,APR,168
139139,4637C-04,APR,168
139139,4611D-02,APR,137
139139,4636L-04,APR,168
139139,2540L-04,APR,127
139139,4637G-04,APR,168
145145,4115H-04,APR,178
145145,2540L-04,APR,128
145145,4636F-02,APR,168
145145,4636X-04,APR,178
145145,4611F-04,APR,168
145145,4636T-04,APR,178
145145,4636Z-04,APR,168
145145,46506-04,APR,168
145145,4636H-04,APR,168
145145,4636K-04,APR,168
145145,4636P-04,APR,168
145145,4637C-04,APR,168
145145,4637H-04,APR,168
145145,46520-04,APR,168
145145,4636B-04,APR,168
145145,4637B-04,APR,178
145145,4637G-04,APR,168
145145,4636L-04,APR,168
145145,4636R-04,APR,168
145145,11521-04,APR,150
145145,254AU-04,APR,168
145145,4611H-02,APR,127
145145,4636M-02,APR,168
148148,4115H-04,APR,138
148148,15091-04,APR,168
148148,41238-04,APR,128
148148,2540L-04,APR,128
148148,4636U-04,APR,168
148148,254PF-04,APR,168
148148,4636X-04,APR,178
148148,4636K-04,APR,168
148148,4636F-02,APR,168
148148,4611H-02,APR,127
148148,4636Z-04,APR,168
148148,4637B-04,APR,168
148148,4637H-04,APR,168
148148,46506-04,APR,168
148148,254AU-04,APR,168
148148,4637E-02,APR,168
148148,4636P-04,APR,168
148148,4636M-02,APR,168
155155,46506-04,APR,168
155155,4636X-04,APR,178
155155,4636T-04,APR,168
155155,4611D-02,APR,127
155155,15091-04,APR,168
155155,4636H-04,APR,168
155155,41238-04,APR,127
155155,4636Z-04,APR,168
155155,11521-04,APR,135
155155,24135-02,APR,168
155155,4636U-04,APR,168
155155,46520-04,APR,127
155155,4611H-02,APR,127
155155,4637B-04,APR,168
155155,4637G-04,APR,168
155155,4637A-02,APR,168
155155,4636R-04,APR,168
155155,4636M-02,APR,168
159159,41238-04,APR,128
159159,11521-04,APR,168
159159,15091-04,APR,168
159159,2540L-04,APR,128
159159,4636X-04,APR,178
159159,4636U-04,APR,168
159159,46506-04,APR,168
159159,4636K-04,APR,168
159159,4636P-04,APR,168
159159,4636Z-04,APR,168
159159,4636M-02,APR,168
159159,4636B-04,APR,168
159159,4636F-02,APR,168
159159,24135-02,APR,168
159159,254AU-04,APR,168
161161,4115L-02,APR,178
161161,4115H-04,APR,178
161161,11521-04,APR,168
161161,2540L-04,APR,128
161161,4637G-04,APR,168
161161,4636Z-04,APR,168
161161,4636T-04,APR,168
161161,46506-04,APR,168
161161,4636L-04,APR,168
161161,4636H-04,APR,168
161161,4636B-04,APR,168
161161,254AU-04,APR,168
161161,15091-04,APR,168
161161,4637A-02,APR,168
161161,4637B-04,APR,178
161161,4636N-04,APR,168
168168,4115H-04,APR,178
168168,41238-04,APR,178
168168,4115L-02,APR,178
168168,2540L-04,APR,128
168168,4636F-02,APR,168
168168,4611E-04,APR,168
168168,4636Z-04,APR,168
168168,4636H-04,APR,178
168168,4636T-04,APR,178
168168,4636K-04,APR,168
168168,4636X-04,APR,168
168168,4637B-04,APR,168
168168,4637H-04,APR,168
168168,4637F-04,APR,168
168168,46506-04,APR,168
171171,4115L-02,APR,168
171171,41238-04,APR,178
171171,2540L-04,APR,128
171171,11521-04,APR,150
171171,4636X-04,APR,168
171171,4636F-02,APR,168
171171,4636H-04,APR,168
171171,4636Z-04,APR,168
171171,46520-04,APR,127
171171,4637H-04,APR,168
171171,4636K-04,APR,168
171171,4636T-04,APR,168
171171,4636L-04,APR,168
171171,4637B-04,APR,168
171171,4637G-04,APR,168
171171,46506-04,APR,168
171171,4637A-02,APR,168
171171,4611H-02,APR,127
171171,4636P-04,APR,168
171171,254AU-04,APR,168
171171,4636M-02,APR,168
178178,4115H-04,APR,138
178178,41238-04,APR,128
178178,2540L-04,APR,128
178178,11521-04,APR,168
178178,254PF-04,APR,168
178178,4636X-04,APR,178
178178,4636R-04,APR,168
178178,4636U-04,APR,168
178178,4636Z-04,APR,168
178178,4636F-02,APR,168
178178,4637J-02,APR,168
178178,4636B-04,APR,168
178178,46506-04,APR,168
178178,4636T-04,APR,168
178178,4637K-02,APR,168
184184,4115L-02,APR,178
184184,4115H-04,APR,178
184184,2540L-04,APR,128
184184,4636Z-04,APR,168
184184,4636F-02,APR,168
191191,4115H-04,APR,128
191191,254PF-04,APR,168
191191,4636X-04,APR,178
191191,4636U-04,APR,168
191191,4636Z-04,APR,168
191191,4636F-02,APR,168
191191,4611F-04,APR,168
191191,4636T-04,APR,168
191191,46506-04,APR,168
191191,4636H-04,APR,168
191191,4637N-02,APR,168
191191,4611H-02,APR,127
191191,11521-04,APR,347
191191,41238-04,APR,127
191191,4637C-04,APR,178
191191,4637B-04,APR,168
191191,4636K-04,APR,168
191191,2540L-04,APR,127
191191,4637E-02,APR,168
191191,4637H-04,APR,168
191191,4636P-04,APR,168
198198,4115L-02,APR,178
198198,11521-04,APR,123
198198,2540L-04,APR,128
198198,4115H-04,APR,178
198198,254AU-04,APR,124
198198,24135-02,APR,168
198198,4611F-04,APR,137
198198,41238-04,APR,178
198198,4636Z-04,APR,168
198198,4636X-04,APR,168
198198,4636F-02,APR,168
198198,4636H-04,APR,168
198198,46506-04,APR,137
198198,4611H-02,APR,127
198198,4636T-04,APR,168
198198,4636L-04,APR,168
198198,4637C-04,APR,168
198198,4636P-04,APR,168
198198,4637B-04,APR,168
198198,4636M-02,APR,168
198198,4637L-04,APR,168
198198,4637K-02,APR,168
198198,4636D-02,APR,168
198198,4636R-04,APR,168
198198,4637E-02,APR,168
203203,4115H-04,APR,138
203203,15091-04,APR,128
203203,41238-04,APR,128
203203,254PF-04,APR,168
203203,11521-04,APR,135
203203,4636X-04,APR,178
203203,4636U-04,APR,168
203203,4636Z-04,APR,168
203203,4636H-04,APR,168
203203,4636F-02,APR,168
203203,46506-04,APR,168
203203,4637H-04,APR,168
203203,254AU-04,APR,168
203203,4636P-04,APR,168
203203,4637B-04,APR,178
203203,4636M-02,APR,168
203203,4636B-04,APR,168
203203,4611H-02,APR,127
203203,4637K-02,APR,168
203203,4637A-02,APR,168
203203,4637E-02,APR,168
203203,2540L-04,APR,168
203203,4636N-04,APR,168
203203,4636Q-04,APR,168
207207,4115H-04,APR,128
207207,41238-04,APR,128
207207,2540L-04,APR,128
207207,4636U-04,APR,168
213213,4115L-02,APR,178
213213,4115H-04,APR,168
213213,24135-02,APR,168
213213,15091-04,APR,168
213213,4636L-04,APR,168
213213,4636Z-04,APR,168
213213,4636X-04,APR,168
213213,4636H-04,APR,168
213213,4636N-04,APR,168
213213,254AU-04,APR,168
213213,46506-04,APR,168
213213,41238-04,APR,168
213213,4637B-04,APR,178
219219,4115L-02,APR,178
219219,2540L-04,APR,128
219219,254AU-04,APR,168
219219,4115H-04,APR,178
219219,24135-02,APR,168
219219,41238-04,APR,128
219219,11521-04,APR,168
219219,15091-04,APR,168
219219,4636L-04,APR,168
219219,4636H-04,APR,178
219219,4636X-04,APR,168
219219,4636Z-04,APR,168
219219,46506-04,APR,168
219219,4611E-04,APR,168
219219,4636R-04,APR,168
219219,4637B-04,APR,178
226226,41238-04,APR,128
226226,4115H-04,APR,128
226226,15091-04,APR,168
226226,2540L-04,APR,128
226226,4636U-04,APR,168
226226,254PF-04,APR,168
226226,4636K-04,APR,168
226226,4636F-02,APR,168
226226,4636T-04,APR,168
227227,46520-04,APR,127
227227,4636X-04,APR,178
227227,4636U-04,APR,168
227227,4637N-02,APR,168
227227,4636Z-04,APR,168
227227,4636H-04,APR,168
227227,4636R-04,APR,168
227227,254PF-04,APR,168
227227,4637K-02,APR,168
227227,4636F-02,APR,168
227227,4636K-04,APR,168
227227,4637B-04,APR,178
227227,4611H-02,APR,127
227227,46506-04,APR,127
227227,4637A-02,APR,168
227227,4636L-04,APR,168
227227,4636T-04,APR,168
227227,4636M-02,APR,168
230230,4115H-04,APR,128
230230,254PF-04,APR,168
230230,4637N-02,APR,168
230230,4636U-04,APR,168
230230,4636X-04,APR,168
230230,4636F-02,APR,168
230230,4636K-04,APR,168
230230,46520-04,APR,127
230230,4636T-04,APR,168
235235,4115L-02,APR,168
235235,4115H-04,APR,178
235235,4611E-04,APR,168
235235,4611F-04,APR,168
239239,4115H-04,APR,178
239239,4115L-02,APR,168
239239,41238-04,APR,128
239239,4636K-04,APR,168
239239,46520-04,APR,168
239239,4636F-02,APR,168
239239,11521-04,APR,240
239239,15091-04,APR,168
243243,41238-04,APR,128
243243,46506-04,APR,127
243243,2540L-04,APR,127
243243,4637C-04,APR,168
243243,4636U-04,APR,168
243243,4636Z-04,APR,168
243243,4636X-04,APR,168
243243,4636L-04,APR,168
250250,4115H-04,APR,168
250250,4115L-02,APR,168
250250,41238-04,APR,168
250250,4611C-06,APR,147
250250,4636F-02,APR,168
250250,4636X-04,APR,178
250250,4636H-04,APR,168
250250,4636Z-04,APR,168
250250,4636L-04,APR,168
250250,4636T-04,APR,168
250250,46506-04,APR,168
250250,4636P-04,APR,168
250250,254AU-04,APR,168
250250,4637C-04,APR,168
250250,4611H-02,APR,127
250250,4637A-02,APR,168
250250,4637B-04,APR,168
254254,4115H-04,APR,138
254254,4611E-04,APR,168
254254,4636F-02,APR,168
254254,4636H-04,APR,178
254254,46506-04,APR,168
254254,4636X-04,APR,178
254254,4636T-04,APR,178
254254,4636K-04,APR,168
254254,4636P-04,APR,168
254254,46520-04,APR,127
254254,4637H-04,APR,168
254254,4637C-04,APR,178
254254,4636Z-04,APR,168
254254,4636L-04,APR,168
254254,4636R-04,APR,168
254254,4636M-02,APR,168
254254,4611H-02,APR,127
254254,11521-04,APR,269
254254,4637G-04,APR,168
254254,4636Q-04,APR,168
254254,4637K-02,APR,168
254254,4637J-02,APR,168
254254,4636N-04,APR,168
254254,4636B-04,APR,168
254254,254AU-04,APR,168
255255,4115H-04,APR,178
255255,4115L-02,APR,178
255255,41238-04,APR,168
255255,24135-02,APR,168
255255,15091-04,APR,168
255255,2540L-04,APR,137
255255,11521-04,APR,150
255255,254AU-04,APR,168
255255,4636Z-04,APR,168
255255,46506-04,APR,168
255255,4636B-04,APR,168
255255,46520-04,APR,168
255255,4636M-02,APR,168
260260,4115H-04,APR,178
260260,4115L-02,APR,178
260260,41238-04,APR,168
260260,2540L-04,APR,128
260260,4636X-04,APR,168
260260,4636F-02,APR,168
260260,4636K-04,APR,168
260260,4611F-04,APR,168
260260,4636H-04,APR,168
260260,46506-04,APR,168
260260,4636Z-04,APR,168
260260,4636L-04,APR,168
260260,4636T-04,APR,168
260260,4637H-04,APR,168
260260,4637C-04,APR,168
260260,4637B-04,APR,168
260260,24135-02,APR,168
260260,4636P-04,APR,168
260260,11521-04,APR,680
260260,4636R-04,APR,168
260260,254AU-04,APR,168
260260,4637G-04,APR,168
260260,4611H-02,APR,127
261261,4115L-02,APR,168
261261,4115H-04,APR,168
261261,2540L-04,APR,168
261261,4636F-02,APR,168
261261,4611E-04,APR,168
261261,4636X-04,APR,168
261261,4636T-04,APR,178
261261,4611F-04,APR,168
261261,41238-04,APR,128
261261,4636Z-04,APR,168
261261,4636H-04,APR,178
261261,46506-04,APR,168
261261,4637H-04,APR,168
261261,4636P-04,APR,168
261261,46520-04,APR,168
261261,4636K-04,APR,168
261261,4637C-04,APR,168
261261,4636M-02,APR,168
261261,4636L-04,APR,168
261261,4611H-02,APR,127
261261,4637G-04,APR,168
261261,4637B-04,APR,168
261261,4636R-04,APR,168
261261,4637E-02,APR,168
261261,254AU-04,APR,168
261261,4637K-02,APR,168
261261,4636Q-04,APR,168
261261,4636B-04,APR,168
261261,4636N-04,APR,168
263263,4115L-02,APR,168
263263,2540L-04,APR,168
269269,4115H-04,APR,138
269269,4611F-04,APR,128
269269,4636U-04,APR,168
269269,4636X-04,APR,178
269269,4637N-02,APR,168
269269,254PF-04,APR,168
269269,4636H-04,APR,168
269269,41238-04,APR,127
269269,4636F-02,APR,168
269269,4636Z-04,APR,168
269269,4636T-04,APR,168
269269,4636B-04,APR,168
269269,46506-04,APR,137
269269,4637B-04,APR,178
269269,4636L-04,APR,168
269269,4637A-02,APR,168
269269,46520-04,APR,168
276276,4115L-02,APR,178
276276,4115H-04,APR,178
276276,24135-02,APR,168
276276,4636H-04,APR,178
276276,41238-04,APR,178
276276,4636F-02,APR,168
276276,4636Z-04,APR,168
276276,46506-04,APR,137
276276,4637G-04,APR,168
276276,4636R-04,APR,168
276276,4636X-04,APR,178
276276,4611H-02,APR,127
276276,4636L-04,APR,168
276276,4637B-04,APR,178
276276,4637K-02,APR,168
276276,2540L-04,APR,127
276276,254AU-04,APR,168
276276,4636P-04,APR,168
276276,4637E-02,APR,168
276276,4636Q-04,APR,168
276276,4636N-04,APR,168
276276,4636B-04,APR,168
283283,4115H-04,APR,128
283283,254PF-04,APR,168
283283,4611F-04,APR,168
283283,4636H-04,APR,178
283283,4636F-02,APR,168
283283,4636X-04,APR,178
283283,4611D-02,APR,168
283283,4636T-04,APR,168
283283,46506-04,APR,127
283283,4637P-02,APR,168
283283,4636Z-04,APR,168
283283,46520-04,APR,168
283283,4637C-04,APR,168
287287,4115H-04,APR,178
287287,41238-04,APR,178
287287,2540L-04,APR,128
287287,4637P-02,APR,168
287287,4636Z-04,APR,168
287287,4636F-02,APR,168
287287,4611D-02,APR,137
287287,4636X-04,APR,168
287287,4636T-04,APR,168
287287,4636B-04,APR,168
291291,4115H-04,APR,128
291291,254PF-04,APR,168
291291,4636U-04,APR,168
291291,4636X-04,APR,178
291291,4636F-02,APR,168
291291,4636Z-04,APR,168
291291,4636H-04,APR,178
291291,46506-04,APR,168
291291,4636T-04,APR,168
291291,4637B-04,APR,178
291291,4636K-04,APR,168
291291,4637H-04,APR,168
291291,4636P-04,APR,168
291291,4637G-04,APR,168
291291,4636M-02,APR,168
291291,4636L-04,APR,168
291291,4611H-02,APR,127
291291,41238-04,APR,168
291291,254AU-04,APR,168
291291,4636Q-04,APR,168
291291,4636N-04,APR,168
291291,4636B-04,APR,168
291291,4637J-02,APR,168
291291,4637L-04,APR,168
296296,4115H-04,APR,128
296296,41238-04,APR,178
296296,2540L-04,APR,127
296296,4611D-02,APR,137
296296,4636F-02,APR,168
296296,4636X-04,APR,168
296296,4636Z-04,APR,168
296296,254AU-04,APR,168
300300,4115L-02,APR,168
300300,41238-04,APR,168
300300,4636F-02,APR,168
300300,4636X-04,APR,178
300300,4636T-04,APR,178
300300,46506-04,APR,168
300300,4611C-06,APR,178
300300,4636K-04,APR,168
300300,24135-02,APR,168
300300,2540L-04,APR,128
300300,4611F-04,APR,178
300300,15091-04,APR,168
300300,4637C-04,APR,168
300300,4636Z-04,APR,168
300300,4636L-04,APR,168
300300,4115H-04,APR,127
300300,11521-04,APR,269
300300,4611E-04,APR,168
300300,46520-04,APR,168
300300,4637J-02,APR,168
300300,4636M-02,APR,168
300300,4636H-04,APR,178
300300,4636B-04,APR,168
300300,254AU-04,APR,168
303303,4115H-04,APR,168
303303,4115L-02,APR,168
303303,2540L-04,APR,128
303303,4636F-02,APR,168
303303,4636X-04,APR,168
303303,41238-04,APR,168
303303,24135-02,APR,168
303303,254AU-04,APR,168
303303,4636T-04,APR,178
303303,4636Z-04,APR,168
303303,46520-04,APR,127
303303,4611F-04,APR,168
303303,4636K-04,APR,168
303303,46506-04,APR,127
303303,4636L-04,APR,168
303303,4636M-02,APR,168
303303,4637C-04,APR,168
303303,11521-04,APR,269
303303,4636H-04,APR,178
303303,4611H-02,APR,127
303303,4636B-04,APR,168
308308,4115L-02,APR,178
308308,2540L-04,APR,128
308308,4115H-04,APR,138
308308,4611F-04,APR,168
308308,4636X-04,APR,168
308308,41238-04,APR,168
308308,4636F-02,APR,168
308308,46506-04,APR,168
308308,4636T-04,APR,168
308308,4636H-04,APR,168
308308,4636Z-04,APR,168
308308,4636K-04,APR,168
308308,4636P-04,APR,168
308308,46520-04,APR,168
308308,4637H-04,APR,168
308308,4637C-04,APR,168
308308,4637G-04,APR,168
308308,4611H-02,APR,127
308308,4637B-04,APR,168
308308,4636M-02,APR,168
312312,4115L-02,APR,123
312312,2540L-04,APR,123
312312,4636F-02,APR,168
312312,4636X-04,APR,168
312312,4636Z-04,APR,168
312312,46506-04,APR,168
312312,4636B-04,APR,168
312312,254AU-04,APR,168
317317,4115H-04,APR,178
317317,4115L-02,APR,178
317317,41238-04,APR,168
317317,11521-04,APR,459
317317,15091-04,APR,123
317317,2540L-04,APR,128
317317,254AU-04,APR,168
317317,4636B-04,APR,123
317317,4637F-04,APR,123
317317,4636K-04,APR,168
317317,4611F-04,APR,168
317317,4636F-02,APR,168
317317,4636X-04,APR,168
317317,4636T-04,APR,168
317317,46506-04,APR,168
317317,4636L-04,APR,168
317317,4636H-04,APR,168
317317,4636Z-04,APR,168
317317,4637H-04,APR,168
317317,4637B-04,APR,168
317317,4636P-04,APR,168
317317,4637C-04,APR,168
317317,24135-02,APR,168
317317,4611H-02,APR,127
317317,4636R-04,APR,168
317317,4637G-04,APR,168
323323,4115H-04,APR,128
323323,15091-04,APR,123
323323,4636U-04,APR,168
323323,4636X-04,APR,168
328328,4115L-02,APR,178
328328,4636F-02,APR,168
328328,4636X-04,APR,168
328328,4611F-04,APR,168
328328,4636T-04,APR,178
328328,4636H-04,APR,178
328328,4611D-02,APR,137
328328,4637N-02,APR,168
328328,46506-04,APR,168
328328,4636Z-04,APR,168
328328,4637C-04,APR,168
328328,4637H-04,APR,168
328328,46520-04,APR,168
328328,4636K-04,APR,168
328328,4637B-04,APR,168
328328,4636P-04,APR,168
328328,4636M-02,APR,168
328328,4636L-04,APR,168
328328,4611H-02,APR,127
329329,4115L-02,APR,168
329329,4611E-04,APR,168
329329,4611D-02,APR,168
329329,4636F-02,APR,168
329329,4611F-04,APR,178
329329,4636H-04,APR,168
329329,46520-04,APR,127
329329,4636T-04,APR,168
330330,4115L-02,APR,168
330330,4115H-04,APR,178
330330,4636F-02,APR,168
330330,4611F-04,APR,168
330330,4636X-04,APR,168
330330,4636T-04,APR,168
330330,46506-04,APR,168
330330,4636Z-04,APR,168
330330,4637H-04,APR,168
330330,4611D-02,APR,168
330330,4637C-04,APR,168
330330,4636B-04,APR,168
330330,46520-04,APR,168
330330,4637J-02,APR,168
330330,4636L-04,APR,168
331331,254PF-04,APR,168
331331,4636U-04,APR,168
331331,4636X-04,APR,168
331331,4611E-04,APR,168
331331,4611D-02,APR,178
331331,4636Z-04,APR,168
331331,4636F-02,APR,168
338338,4115L-02,APR,168
338338,4611F-04,APR,178
338338,4636F-02,APR,168
338338,4636T-04,APR,178
338338,46506-04,APR,168
338338,4611D-02,APR,178
338338,4636X-04,APR,168
338338,4636H-04,APR,168
338338,4636Z-04,APR,168
338338,4636K-04,APR,168
338338,4636P-04,APR,168
338338,4637C-04,APR,178
338338,46520-04,APR,127
338338,4637H-04,APR,168
338338,4636M-02,APR,168
338338,4611H-02,APR,127
338338,4636L-04,APR,168
338338,254AU-04,APR,168
338338,4637B-04,APR,178
344344,4115L-02,APR,168
344344,4115H-04,APR,178
344344,4636F-02,APR,168
344344,4636X-04,APR,168
344344,46506-04,APR,168
344344,4636T-04,APR,178
344344,4611D-02,APR,178
344344,4611C-06,APR,178
344344,4636K-04,APR,168
344344,4637H-04,APR,168
344344,4611F-04,APR,178
344344,4611E-04,APR,168
344344,4636M-02,APR,168
344344,46520-04,APR,168
344344,4637C-04,APR,168
344344,4636Z-04,APR,168
349349,4115L-02,APR,168
349349,4115H-04,APR,138
349349,41238-04,APR,168
349349,4636H-04,APR,168
349349,4636X-04,APR,178
349349,4636K-04,APR,168
349349,4636F-02,APR,168
349349,46520-04,APR,127
349349,11521-04,APR,259
349349,46506-04,APR,137
349349,4637G-04,APR,168
349349,4636Z-04,APR,168
349349,4636T-04,APR,168
349349,4636M-02,APR,168
349349,4636L-04,APR,168
349349,4611H-02,APR,127
349349,4637B-04,APR,178
349349,4637A-02,APR,168
349349,254AU-04,APR,168
349349,4636B-04,APR,168
352352,41238-04,APR,128
352352,254PF-04,APR,168
352352,4637N-02,APR,168
352352,4636X-04,APR,168
352352,4636U-04,APR,168
352352,4636Z-04,APR,168
352352,4611F-04,APR,137
352352,4611D-02,APR,127
352352,46520-04,APR,127
352352,4637H-04,APR,168
352352,4636K-04,APR,168
352352,4636H-04,APR,168
352352,4636M-02,APR,168
352352,4611H-02,APR,127
352352,4636F-02,APR,168
352352,4636R-04,APR,168
352352,4637K-02,APR,168
352352,46506-04,APR,168
352352,4636L-04,APR,168
352352,4636T-04,APR,168
352352,4636P-04,APR,168
352352,254AU-04,APR,168
352352,4637B-04,APR,168
352352,4637A-02,APR,168
352352,4637C-04,APR,168
357357,4115L-02,APR,168
357357,4115H-04,APR,178
357357,41238-04,APR,178
357357,2540L-04,APR,128
357357,4611E-04,APR,168
357357,4636X-04,APR,168
357357,4636F-02,APR,168
357357,4636Z-04,APR,168
357357,46520-04,APR,168
357357,4636T-04,APR,168
357357,46506-04,APR,127
359359,4115H-04,APR,128
359359,4636U-04,APR,168
359359,4636X-04,APR,178
359359,254PF-04,APR,168
359359,41238-04,APR,128
359359,4636F-02,APR,168
359359,4611E-04,APR,168
359359,4636Z-04,APR,168
359359,4636T-04,APR,168
359359,4637N-02,APR,168
359359,4611D-02,APR,168
359359,46506-04,APR,137
359359,4636H-04,APR,168
359359,46520-04,APR,168
359359,4636P-04,APR,168
359359,4637C-04,APR,168
359359,4637A-02,APR,168
359359,4637H-04,APR,168
359359,4636K-04,APR,168
364364,4115H-04,APR,128
364364,4636U-04,APR,168
364364,254PF-04,APR,168
364364,41238-04,APR,168
364364,4611E-04,APR,168
364364,4611F-04,APR,168
364364,4636F-02,APR,168
364364,4636X-04,APR,168
364364,4636T-04,APR,178
364364,4637N-02,APR,168
364364,4636H-04,APR,178
364364,4636Z-04,APR,168
364364,46506-04,APR,168
364364,4611D-02,APR,168
364364,4636K-04,APR,168
364364,4637H-04,APR,168
364364,4636P-04,APR,168
364364,4637C-04,APR,168
364364,46520-04,APR,127
364364,4636M-02,APR,168
364364,4611H-02,APR,127
364364,4636L-04,APR,168
364364,4637B-04,APR,168
364364,4636R-04,APR,168
364364,4636B-04,APR,168
364364,4636N-04,APR,168
364364,4637G-04,APR,168
364364,254AU-04,APR,168
364364,4636Q-04,APR,168
370370,4115H-04,APR,168
370370,254PF-04,APR,168
370370,4636Z-04,APR,168
370370,4636X-04,APR,178
370370,4611D-02,APR,127
370370,4636U-04,APR,168
370370,254AU-04,APR,168
370370,4637P-02,APR,168
370370,46520-04,APR,168
370370,4611E-04,APR,168
370370,4611F-04,APR,168
370370,4636R-04,APR,168
370370,4636F-02,APR,168
370370,4611H-02,APR,127
370370,4636B-04,APR,168
376376,4115H-04,APR,128
376376,4636U-04,APR,168
376376,4636X-04,APR,168
376376,4611F-04,APR,168
376376,4637N-02,APR,168
376376,254PF-04,APR,168
376376,4636Z-04,APR,168
376376,4636F-02,APR,168
376376,46506-04,APR,168
376376,4636T-04,APR,168
376376,4636H-04,APR,168
376376,4611D-02,APR,168
376376,4636B-04,APR,168
376376,4637C-04,APR,168
376376,4636P-04,APR,168
376376,4636K-04,APR,168
376376,4637H-04,APR,168
377377,4115H-04,APR,128
377377,4636U-04,APR,168
377377,4611F-04,APR,168
377377,254PF-04,APR,168
377377,4636H-04,APR,178
377377,4636X-04,APR,178
377377,4636Z-04,APR,168
377377,4611E-04,APR,168
377377,41238-04,APR,168
377377,2540L-04,APR,128
377377,4636F-02,APR,168
377377,4637B-04,APR,168
377377,4637N-02,APR,168
377377,4611H-02,APR,127
377377,46506-04,APR,127
377377,4636T-04,APR,168
377377,4637H-04,APR,168
377377,4636P-04,APR,168
377377,4637C-04,APR,168
377377,4636L-04,APR,168
377377,4636R-04,APR,168
377377,4637A-02,APR,168
380380,4115H-04,APR,168
380380,4115L-02,APR,168
380380,2540L-04,APR,168
380380,4637P-02,APR,168
380380,4636X-04,APR,178
380380,4636F-02,APR,168
380380,46520-04,APR,127
380380,46506-04,APR,168
380380,4636Z-04,APR,168
380380,4636T-04,APR,168
380380,4637C-04,APR,168
380380,4637N-02,APR,168
380380,4636B-04,APR,168
386386,4115L-02,APR,168
386386,4115H-04,APR,178
386386,4611F-04,APR,168
386386,4636X-04,APR,168
386386,4636F-02,APR,168
386386,4611D-02,APR,137
386386,4636Z-04,APR,168
386386,4636H-04,APR,178
386386,41238-04,APR,178
386386,46506-04,APR,168
386386,4637C-04,APR,168
386386,46520-04,APR,127
386386,4636T-04,APR,168
386386,4611E-04,APR,168
386386,15091-04,APR,168
386386,4636K-04,APR,168
386386,11521-04,APR,168
386386,4637H-04,APR,168
386386,4637B-04,APR,168
386386,4636P-04,APR,168
386386,4636M-02,APR,168
386386,4611H-02,APR,127
386386,4636R-04,APR,168
386386,4636L-04,APR,168
386386,254AU-04,APR,168
386386,4636Q-04,APR,168
386386,4637G-04,APR,168
386386,4637K-02,APR,168
386386,4637L-04,APR,168
386386,24135-02,APR,168
386386,4637J-02,APR,168
389389,4115L-02,APR,168
389389,2540L-04,APR,128
389389,4115H-04,APR,178
389389,254AU-04,APR,168
389389,4636K-04,APR,168
389389,4637H-04,APR,168
389389,4611H-02,APR,127
389389,15091-04,APR,168
389389,4636M-02,APR,168
389389,46506-04,APR,137
393393,4115H-04,APR,168
393393,4115L-02,APR,168
393393,41238-04,APR,168
393393,2540L-04,APR,128
393393,4636X-04,APR,178
393393,4611E-04,APR,168
393393,4636F-02,APR,168
393393,15091-04,APR,168
393393,4636Z-04,APR,168
393393,4636T-04,APR,168
393393,4636H-04,APR,168
393393,46506-04,APR,168
393393,4636P-04,APR,168
393393,4637C-04,APR,168
393393,4636K-04,APR,168
393393,4637H-04,APR,168
393393,4637A-02,APR,168
393393,4637F-04,APR,168
393393,46520-04,APR,168
393393,4636L-04,APR,168
397397,41238-04,APR,128
397397,4636U-04,APR,168
397397,254PF-04,APR,168
397397,4637P-02,APR,168
397397,4115L-02,APR,168
397397,4636X-04,APR,168
397397,4611C-06,APR,168
397397,4636Z-04,APR,168
397397,4636F-02,APR,168
397397,4611E-04,APR,168
397397,4611D-02,APR,168
397397,46506-04,APR,168
397397,4636T-04,APR,168
397397,4637N-02,APR,168
397397,4636B-04,APR,168
397397,46520-04,APR,168
400400,11521-04,APR,123
400400,15091-04,APR,123
400400,24135-02,APR,123
400400,4115H-04,APR,123
400400,4115L-02,APR,123
400400,41238-04,APR,178
400400,4636F-02,APR,168
400400,4611E-04,APR,168
400400,4636Z-04,APR,168
400400,4636H-04,APR,178
400400,4636L-04,APR,168
400400,46506-04,APR,127
400400,4636X-04,APR,178
400400,254AU-04,APR,168
400400,4636T-04,APR,168
400400,2540L-04,APR,127
400400,4636P-04,APR,168
400400,4611H-02,APR,127
401401,254PF-04,APR,168
401401,4636X-04,APR,168
401401,4636U-04,APR,168
401401,4611D-02,APR,178
401401,4636F-02,APR,168
401401,4636Z-04,APR,168
401401,4611F-04,APR,127
401401,41238-04,APR,168
401401,46506-04,APR,168
401401,4636T-04,APR,168
401401,46520-04,APR,168
401401,4611E-04,APR,168
401401,4637N-02,APR,168
401401,4637C-04,APR,168
401401,11521-04,APR,156
401401,4611H-02,APR,127
401401,4636H-04,APR,168
401401,4636K-04,APR,168
402402,254PF-04,APR,168
402402,4636U-04,APR,168
402402,4637P-02,APR,168
402402,4636X-04,APR,178
402402,4636F-02,APR,168
402402,4611E-04,APR,168
402402,4636Z-04,APR,168
402402,4115L-02,APR,168
402402,4636T-04,APR,168
402402,4611C-06,APR,127
402402,4611D-02,APR,137
402402,4637N-02,APR,168
402402,46520-04,APR,168
402402,4636B-04,APR,168
408408,4115L-02,APR,168
408408,41238-04,APR,178
408408,4115H-04,APR,168
408408,4636F-02,APR,168
408408,4636T-04,APR,168
408408,4636K-04,APR,168
408408,4636X-04,APR,168
408408,4636Z-04,APR,168
414414,4115H-04,APR,138
414414,41238-04,APR,128
414414,254PF-04,APR,168
414414,4636H-04,APR,178
414414,4636F-02,APR,168
414414,4636X-04,APR,178
414414,4636U-04,APR,168
414414,46520-04,APR,127
414414,4636T-04,APR,168
414414,4636Z-04,APR,168
414414,46506-04,APR,137
414414,4637N-02,APR,168
414414,4636P-04,APR,168
414414,4637C-04,APR,168
414414,4637H-04,APR,168
414414,4636K-04,APR,168
414414,4637G-04,APR,168
414414,4637B-04,APR,178
414414,4636R-04,APR,168
414414,4636L-04,APR,168
415415,4115H-04,APR,138
415415,41238-04,APR,128
415415,4636X-04,APR,178
415415,4636U-04,APR,168
415415,4636F-02,APR,168
415415,4636H-04,APR,178
415415,254PF-04,APR,168
415415,4637N-02,APR,168
415415,4636Z-04,APR,168
415415,46506-04,APR,137
415415,4636T-04,APR,168
415415,46520-04,APR,127
415415,4636K-04,APR,168
415415,4636P-04,APR,168
415415,4637C-04,APR,168
415415,4637H-04,APR,168
415415,4637G-04,APR,168
415415,4637B-04,APR,178
415415,4636R-04,APR,168
415415,4636L-04,APR,168
418418,254PF-04,APR,168
418418,4636X-04,APR,178
418418,4636U-04,APR,168
418418,4636Z-04,APR,168
418418,4611D-02,APR,168
418418,4115H-04,APR,127
418418,46520-04,APR,127
418418,4636H-04,APR,178
418418,4636R-04,APR,168
418418,4636F-02,APR,168
418418,4637B-04,APR,168
418418,4636L-04,APR,168
418418,4637P-02,APR,168
418418,4636B-04,APR,168
418418,4611H-02,APR,127
418418,4636T-04,APR,168
418418,4637N-02,APR,168
425425,4637P-02,APR,168
425425,4636X-04,APR,168
425425,254PF-04,APR,168
425425,4636U-04,APR,168
425425,4611D-02,APR,178
425425,4611F-04,APR,127
425425,4636F-02,APR,168
425425,4636Z-04,APR,168
425425,4611E-04,APR,168
425425,41238-04,APR,168
425425,46520-04,APR,168
425425,46506-04,APR,168
425425,4636T-04,APR,168
425425,4636H-04,APR,168
425425,4637C-04,APR,168
425425,2540L-04,APR,128
425425,4637N-02,APR,168
425425,4636R-04,APR,168
425425,4637B-04,APR,168
425425,4611H-02,APR,127
425425,4636K-04,APR,168
425425,4636P-04,APR,168
427427,4636U-04,APR,168
427427,254PF-04,APR,168
427427,41238-04,APR,168
427427,4636X-04,APR,178
427427,4611D-02,APR,137
427427,4636Z-04,APR,168
427427,46520-04,APR,127
427427,4611F-04,APR,137
427427,4636F-02,APR,168
427427,46506-04,APR,168
427427,4636H-04,APR,168
427427,4636T-04,APR,168
427427,4637N-02,APR,168
427427,4636K-04,APR,168
427427,4636P-04,APR,168
427427,4637H-04,APR,168
427427,4637C-04,APR,168
427427,4637B-04,APR,168
429429,41238-04,APR,168
429429,254PF-04,APR,168
429429,4636U-04,APR,168
435435,2540L-04,APR,137
435435,4115H-04,APR,137
435435,46506-04,APR,127
435435,4611E-04,APR,127
435435,4611D-02,APR,137
435435,4611C-06,APR,147
435435,41238-04,APR,127
435435,4611F-04,APR,137
435435,11521-04,APR,160
435435,15091-04,APR,127
435435,24135-02,APR,168
442442,4611C-06,APR,128
442442,4611F-04,APR,128
442442,4611D-02,APR,168
442442,2540L-04,APR,127
442442,46520-04,APR,127
442442,46506-04,APR,137
442442,4611E-04,APR,168
442442,4611H-02,APR,127
449449,4611C-06,APR,128
449449,254PF-04,APR,168
449449,4636U-04,APR,168
449449,4115H-04,APR,168
449449,4611F-04,APR,168
449449,4611E-04,APR,168
449449,4115L-02,APR,168
449449,4636Z-04,APR,168
449449,4636X-04,APR,178
449449,4636H-04,APR,178
449449,4636F-02,APR,168
449449,46506-04,APR,168
449449,4637N-02,APR,168
449449,4636T-04,APR,168
449449,41238-04,APR,178
449449,4611D-02,APR,127
449449,4637C-04,APR,178
449449,4636K-04,APR,168
449449,4636P-04,APR,168
449449,46520-04,APR,127
449449,4637H-04,APR,168
449449,4637G-04,APR,168
449449,4636R-04,APR,168
449449,4611H-02,APR,127
449449,4636L-04,APR,168
449449,4636M-02,APR,168
456456,4611C-06,APR,128
456456,254PF-04,APR,168
456456,4611F-04,APR,168
456456,4636U-04,APR,168
456456,4636Z-04,APR,168
456456,4637P-02,APR,168
456456,4636X-04,APR,178
456456,4636H-04,APR,178
456456,4636F-02,APR,168
456456,4611E-04,APR,168
456456,4636T-04,APR,168
456456,4637N-02,APR,168
456456,4611D-02,APR,127
456456,46506-04,APR,168
456456,41238-04,APR,178
456456,4637C-04,APR,178
456456,4637H-04,APR,168
456456,46520-04,APR,127
456456,4636K-04,APR,168
456456,4636P-04,APR,168
456456,4637G-04,APR,168
456456,4611H-02,APR,127
456456,4636M-02,APR,168
456456,4636L-04,APR,168
456456,4636R-04,APR,168
456456,4636Q-04,APR,168
456456,4636N-04,APR,168
456456,4637J-02,APR,168
456456,4637K-02,APR,168
456456,254AU-04,APR,168
456456,4636B-04,APR,168
457457,4611C-06,APR,128
457457,4636X-04,APR,178
457457,4637N-02,APR,168
457457,254PF-04,APR,168
457457,4636U-04,APR,168
457457,4636F-02,APR,168
457457,4611D-02,APR,137
457457,4611E-04,APR,168
457457,4636K-04,APR,168
457457,46520-04,APR,127
457457,46506-04,APR,127
457457,4636T-04,APR,168
457457,4611F-04,APR,137
457457,4636Z-04,APR,168
462462,254PF-04,APR,168
462462,4115H-04,APR,168
462462,4636U-04,APR,168
462462,4636F-02,APR,168
462462,4115L-02,APR,168
462462,41238-04,APR,168
462462,4636X-04,APR,168
462462,4611E-04,APR,168
462462,4611F-04,APR,168
462462,4611D-02,APR,168
462462,46506-04,APR,168
462462,4637N-02,APR,168
462462,4636Z-04,APR,168
462462,4636T-04,APR,168
462462,4636H-04,APR,168
462462,4637H-04,APR,168
462462,4636K-04,APR,168
462462,4636P-04,APR,168
462462,4637C-04,APR,168
462462,46520-04,APR,127
462462,4636M-02,APR,168
462462,4611H-02,APR,127
462462,4636L-04,APR,168
462462,4637B-04,APR,168
462462,4637G-04,APR,168
462462,4636R-04,APR,168
462462,254AU-04,APR,168
462462,4636Q-04,APR,168
462462,4636B-04,APR,168
462462,4636N-04,APR,168
462462,4637A-02,APR,168
463463,254PF-04,APR,168
463463,4636U-04,APR,168
463463,4115H-04,APR,168
463463,4611F-04,APR,178
463463,4611E-04,APR,168
463463,4636X-04,APR,178
463463,4115L-02,APR,168
463463,41238-04,APR,168
463463,4636F-02,APR,168
463463,4636Z-04,APR,168
463463,4636T-04,APR,168
463463,46506-04,APR,168
463463,4636H-04,APR,168
463463,4611D-02,APR,127
463463,4637C-04,APR,168
463463,4637N-02,APR,168
463463,46520-04,APR,127
463463,4636P-04,APR,168
463463,4636K-04,APR,168
463463,4611H-02,APR,127
463463,4637H-04,APR,168
463463,4637B-04,APR,168
463463,4637J-02,APR,168
463463,4637G-04,APR,168
463463,4636R-04,APR,168
463463,4636L-04,APR,168
463463,4637K-02,APR,168
463463,4637E-02,APR,168
463463,4637A-02,APR,168
463463,4636Q-04,APR,168
463463,4636N-04,APR,168
463463,4636B-04,APR,168
463463,254AU-04,APR,168
470470,254PF-04,APR,168
470470,4115H-04,APR,168
470470,4636U-04,APR,168
470470,4115L-02,APR,168
470470,4636X-04,APR,168
470470,4636F-02,APR,168
470470,41238-04,APR,128
470470,4611E-04,APR,168
470470,4637N-02,APR,168
470470,4611D-02,APR,168
470470,4636Z-04,APR,168
470470,4611F-04,APR,127
470470,4636H-04,APR,168
470470,46506-04,APR,168
470470,46520-04,APR,168
470470,4636T-04,APR,168
470470,4637B-04,APR,178
470470,4636P-04,APR,168
470470,4637H-04,APR,168
470470,4636K-04,APR,168
470470,4636M-02,APR,168
470470,2540L-04,APR,168
470470,4636R-04,APR,168
470470,4636L-04,APR,168
473473,4115H-04,APR,168
473473,4636U-04,APR,168
473473,254PF-04,APR,168
473473,4611E-04,APR,168
473473,4611F-04,APR,178
473473,4115L-02,APR,168
473473,4636X-04,APR,178
473473,4636F-02,APR,168
473473,46506-04,APR,168
473473,4636Z-04,APR,168
473473,4636T-04,APR,168
473473,4636H-04,APR,168
473473,4611D-02,APR,168
473473,4637N-02,APR,168
473473,4637C-04,APR,168
473473,4636P-04,APR,168
473473,4637B-04,APR,168
473473,4637H-04,APR,168
473473,46520-04,APR,127
473473,4636K-04,APR,168
473473,4611H-02,APR,127
473473,4637G-04,APR,168
473473,4636M-02,APR,168
473473,4636L-04,APR,168
473473,254AU-04,APR,168
473473,4637K-02,APR,168
473473,4636B-04,APR,168
473473,4636Q-04,APR,168
473473,4636N-04,APR,168
473473,4637J-02,APR,168
480480,4115H-04,APR,168
480480,254PF-04,APR,168
480480,4636U-04,APR,168
480480,4611E-04,APR,168
480480,4611F-04,APR,178
480480,4115L-02,APR,168
480480,4636X-04,APR,178
480480,41238-04,APR,168
480480,4636F-02,APR,168
480480,4636T-04,APR,168
480480,4636Z-04,APR,168
480480,4637N-02,APR,168
480480,4636H-04,APR,168
480480,46506-04,APR,168
480480,4637C-04,APR,168
480480,46520-04,APR,127
480480,4637H-04,APR,168
480480,4636K-04,APR,168
480480,4636P-04,APR,168
480480,4611D-02,APR,127
480480,4636M-02,APR,168
480480,4636R-04,APR,168
480480,4611H-02,APR,127
480480,4636L-04,APR,168
480480,4636N-04,APR,168
480480,4636B-04,APR,168
480480,254AU-04,APR,168
480480,4636Q-04,APR,168
480480,4637J-02,APR,168
480480,4637F-04,APR,168
486486,254PF-04,APR,168
486486,4636U-04,APR,168
486486,4636X-04,APR,178
486486,4115L-02,APR,168
486486,4636F-02,APR,168
486486,4611F-04,APR,178
486486,4611E-04,APR,168
486486,4636H-04,APR,168
486486,4611D-02,APR,168
486486,46506-04,APR,168
486486,4637N-02,APR,168
486486,4636Z-04,APR,168
486486,4636T-04,APR,168
486486,4637H-04,APR,168
486486,4637C-04,APR,168
486486,4636P-04,APR,168
486486,4636K-04,APR,168
486486,46520-04,APR,127
486486,4637G-04,APR,168
486486,4611H-02,APR,127
486486,4636L-04,APR,168
486486,4636M-02,APR,168
486486,4636R-04,APR,168
486486,4637B-04,APR,168
486486,4637J-02,APR,168
486486,4637K-02,APR,168
486486,4636B-04,APR,168
486486,4636Q-04,APR,168
486486,4636N-04,APR,168
486486,254AU-04,APR,168
486486,4637F-04,APR,168
486486,4636D-02,APR,168
486486,4637A-02,APR,168
486486,4637E-02,APR,168
486486,2540L-04,APR,168
486486,11521-04,APR,138
486486,4637L-04,APR,168
489489,4636U-04,APR,168
489489,254PF-04,APR,168
489489,4636F-02,APR,168
489489,4115L-02,APR,168
489489,4636X-04,APR,168
489489,41238-04,APR,168
489489,4636T-04,APR,178
489489,4611D-02,APR,178
489489,4636Z-04,APR,168
489489,46506-04,APR,168
489489,254AU-04,APR,168
489489,2540L-04,APR,168
492492,4115H-04,APR,168
492492,254PF-04,APR,168
492492,4636U-04,APR,168
492492,4636F-02,APR,168
492492,4611F-04,APR,168
492492,41238-04,APR,168
492492,4115L-02,APR,168
492492,4611E-04,APR,168
492492,4636X-04,APR,168
492492,4637N-02,APR,168
492492,4636T-04,APR,168
492492,4611D-02,APR,168
492492,46506-04,APR,168
492492,4636Z-04,APR,168
492492,4636H-04,APR,178
492492,4636K-04,APR,168
492492,4637H-04,APR,168
492492,46520-04,APR,168
492492,4637C-04,APR,168
492492,4636L-04,APR,168
496496,4115H-04,APR,168
496496,254PF-04,APR,168
496496,4636U-04,APR,168
496496,4115L-02,APR,168
496496,4636X-04,APR,168
496496,4636F-02,APR,168
496496,4611D-02,APR,178
496496,4611E-04,APR,168
496496,46506-04,APR,168
496496,41238-04,APR,128
496496,4611C-06,APR,128
496496,4637N-02,APR,168
496496,4636Z-04,APR,168
496496,4636T-04,APR,168
496496,46520-04,APR,127
496496,4636K-04,APR,168
496496,4637C-04,APR,178
496496,11521-04,APR,259
496496,15091-04,APR,140
496496,4637H-04,APR,168
496496,4636L-04,APR,168
496496,4611F-04,APR,168
496496,2540L-04,APR,127
496496,4636M-02,APR,168
496496,4637A-02,APR,168
500500,254PF-04,APR,168
500500,4636U-04,APR,168
500500,4611E-04,APR,168
500500,4636X-04,APR,178
500500,4636F-02,APR,168
500500,4115L-02,APR,168
500500,4636Z-04,APR,168
500500,46506-04,APR,168
500500,4636T-04,APR,168
500500,4611D-02,APR,168
500500,4637C-04,APR,168
500500,4637N-02,APR,168
500500,4611F-04,APR,127
500500,2540L-04,APR,127
507507,4636U-04,APR,168
507507,4115H-04,APR,168
507507,254PF-04,APR,168
507507,41238-04,APR,168
507507,4611E-04,APR,168
507507,4115L-02,APR,168
507507,4636F-02,APR,168
507507,4611F-04,APR,168
507507,4636X-04,APR,168
507507,4636Z-04,APR,168
507507,4637N-02,APR,168
507507,46506-04,APR,168
507507,4611D-02,APR,168
507507,4636H-04,APR,168
507507,4636T-04,APR,168
507507,4637H-04,APR,168
507507,4636P-04,APR,168
507507,46520-04,APR,127
507507,4637C-04,APR,168
507507,4636K-04,APR,168
507507,4636M-02,APR,168
507507,4636R-04,APR,168
507507,4611H-02,APR,127
507507,4637G-04,APR,168
507507,4636L-04,APR,168
507507,4637B-04,APR,168
507507,4636B-04,APR,168
507507,254AU-04,APR,168
507507,4637K-02,APR,168
507507,4637J-02,APR,168
507507,4636Q-04,APR,168
507507,4636N-04,APR,168
507507,11521-04,APR,137
507507,4637F-04,APR,168
507507,2540L-04,APR,168
513513,4115H-04,APR,168
513513,4636U-04,APR,168
513513,254PF-04,APR,168
513513,4611F-04,APR,178
513513,4611E-04,APR,168
513513,41238-04,APR,168
513513,4636X-04,APR,178
513513,4115L-02,APR,168
513513,4636F-02,APR,168
513513,4637N-02,APR,168
513513,4636H-04,APR,168
513513,46506-04,APR,168
513513,4611D-02,APR,178
513513,4636T-04,APR,168
513513,4636Z-04,APR,168
513513,4637H-04,APR,168
513513,4636K-04,APR,168
513513,4637C-04,APR,168
513513,46520-04,APR,127
513513,4636P-04,APR,168
513513,4636L-04,APR,168
513513,4636M-02,APR,168
513513,4611H-02,APR,127
513513,4636R-04,APR,168
513513,4637B-04,APR,168
513513,4637K-02,APR,168
513513,4637J-02,APR,168
513513,254AU-04,APR,168
513513,4636N-04,APR,168
513513,4636B-04,APR,168
513513,4636Q-04,APR,168
513513,4637E-02,APR,168
513513,4636D-02,APR,168
513513,11521-04,APR,138
513513,2540L-04,APR,168
513513,4637F-04,APR,168
517517,254PF-04,APR,168
517517,4636U-04,APR,168
517517,4636X-04,APR,168
517517,4611C-06,APR,178
519519,4636U-04,APR,168
519519,254PF-04,APR,168
519519,4636X-04,APR,178
519519,4636F-02,APR,168
519519,4115L-02,APR,168
519519,4611E-04,APR,168
519519,4636T-04,APR,168
519519,4637P-02,APR,168
519519,4636Z-04,APR,168
519519,4636B-04,APR,168
519519,41238-04,APR,168
519519,2540L-04,APR,168
519519,46506-04,APR,137
519519,4611D-02,APR,127
525525,254PF-04,APR,168
525525,4636U-04,APR,168
525525,4636X-04,APR,178
525525,4611C-06,APR,168
525525,4636Z-04,APR,168
525525,4115L-02,APR,168
525525,4611D-02,APR,168
528528,254PF-04,APR,168
528528,4115H-04,APR,168
528528,4636U-04,APR,168
528528,4636X-04,APR,178
528528,4636F-02,APR,168
528528,4611F-04,APR,178
528528,4611E-04,APR,168
528528,41238-04,APR,168
528528,4115L-02,APR,168
528528,46506-04,APR,168
528528,4611D-02,APR,168
528528,4636T-04,APR,168
528528,4637N-02,APR,168
528528,4636H-04,APR,168
528528,4636Z-04,APR,168
528528,4636P-04,APR,168
528528,4636K-04,APR,168
528528,4637C-04,APR,168
528528,46520-04,APR,127
528528,4637H-04,APR,168
528528,4637B-04,APR,168
528528,4636M-02,APR,168
528528,4636R-04,APR,168
528528,4637G-04,APR,168
528528,4611H-02,APR,127
528528,4636L-04,APR,168
528528,4636Q-04,APR,168
528528,4636N-04,APR,168
528528,4637K-02,APR,168
528528,254AU-04,APR,168
528528,4636B-04,APR,168
528528,4637J-02,APR,168
528528,2540L-04,APR,168
528528,4637E-02,APR,168
528528,4637F-04,APR,168
528528,11521-04,APR,138
528528,4637L-04,APR,168
528528,4636D-02,APR,168
528528,4637A-02,APR,168
532532,4636U-04,APR,168
532532,254PF-04,APR,168
537537,4636U-04,APR,168
537537,4115H-04,APR,168
537537,254PF-04,APR,168
537537,41238-04,APR,168
537537,4611E-04,APR,168
537537,4611F-04,APR,168
537537,4636X-04,APR,168
537537,4636H-04,APR,168
537537,4115L-02,APR,168
537537,4636Z-04,APR,168
537537,4636F-02,APR,168
537537,4611D-02,APR,168
537537,46506-04,APR,168
537537,4637N-02,APR,168
537537,4636T-04,APR,178
537537,4637C-04,APR,168
537537,46520-04,APR,168
537537,4636K-04,APR,168
537537,4637H-04,APR,168
537537,4636P-04,APR,168
537537,4636M-02,APR,168
537537,4611H-02,APR,127
537537,4636L-04,APR,168
537537,254AU-04,APR,168
537537,4636R-04,APR,168
537537,4637G-04,APR,168
537537,4637J-02,APR,168
538538,254PF-04,APR,168
538538,4637P-02,APR,168
538538,4636Z-04,APR,168
538538,4636U-04,APR,168
538538,4611D-02,APR,168
538538,4636F-02,APR,168
538538,4611F-04,APR,168
538538,4636X-04,APR,168
538538,46520-04,APR,127
538538,4636H-04,APR,168
538538,4637N-02,APR,168
538538,4636T-04,APR,168
538538,4637B-04,APR,178
538538,254AU-04,APR,168
538538,41238-04,APR,168
538538,4636L-04,APR,168
542542,254PF-04,APR,168
542542,4636U-04,APR,168
542542,4115H-04,APR,168
542542,4636X-04,APR,168
542542,4636F-02,APR,168
542542,4611E-04,APR,168
542542,4115L-02,APR,168
542542,4637N-02,APR,168
542542,4636T-04,APR,168
542542,4611F-04,APR,168
542542,4636Z-04,APR,168
542542,46506-04,APR,168
542542,4611D-02,APR,168
542542,4637H-04,APR,168
542542,4636P-04,APR,168
542542,4636K-04,APR,168
542542,4637C-04,APR,168
542542,46520-04,APR,168
542542,4636L-04,APR,168
542542,4636H-04,APR,178
542542,4637J-02,APR,168
542542,4636M-02,APR,168
542542,254AU-04,APR,168
542542,4636B-04,APR,168
546546,4636X-04,APR,178
546546,4636U-04,APR,168
546546,4115L-02,APR,168
546546,4637N-02,APR,168
546546,41238-04,APR,168
546546,46506-04,APR,168
546546,4637H-04,APR,168
546546,4636T-04,APR,168
546546,4611D-02,APR,168
546546,4611E-04,APR,123
546546,4611C-06,APR,123
546546,254PF-04,APR,168
546546,4637J-02,APR,168
546546,4636Z-04,APR,168
550550,4636U-04,APR,168
550550,254PF-04,APR,123
550550,4611E-04,APR,168
550550,4636X-04,APR,178
550550,4115L-02,APR,168
550550,4636F-02,APR,168
550550,4636Z-04,APR,168
550550,4611D-02,APR,137
550550,46506-04,APR,168
550550,4636T-04,APR,168
550550,4636B-04,APR,168
550550,4611C-06,APR,127
550550,2540L-04,APR,127
555555,254PF-04,APR,168
555555,4636U-04,APR,168
555555,4636X-04,APR,178
555555,4636F-02,APR,168
555555,41238-04,APR,168
555555,4611E-04,APR,168
555555,4115L-02,APR,168
555555,4115H-04,APR,123
555555,4636Z-04,APR,168
555555,4636T-04,APR,168
555555,4611F-04,APR,168
555555,4611D-02,APR,168
555555,4637N-02,APR,168
555555,46506-04,APR,168
555555,4637H-04,APR,168
555555,4636P-04,APR,168
555555,4636K-04,APR,168
555555,46520-04,APR,168
555555,4637G-04,APR,168
555555,4637C-04,APR,168
555555,4636L-04,APR,168
555555,4636M-02,APR,168
555555,4637J-02,APR,168
555555,4636B-04,APR,168
555555,254AU-04,APR,168
555555,4636H-04,APR,178
559559,4636U-04,APR,168
559559,4115H-04,APR,168
559559,254PF-04,APR,168
559559,4636F-02,APR,168
559559,4115L-02,APR,168
559559,4636X-04,APR,168
559559,4636Z-04,APR,168
559559,4637N-02,APR,168
559559,4611F-04,APR,168
559559,4636T-04,APR,168
559559,4611D-02,APR,168
559559,4611E-04,APR,168
559559,4636H-04,APR,178
559559,46506-04,APR,168
559559,4636P-04,APR,168
559559,4637C-04,APR,168
559559,46520-04,APR,168
559559,4636K-04,APR,168
559559,4611H-02,APR,127
559559,4636M-02,APR,168
563563,4636U-04,APR,168
563563,254PF-04,APR,168
563563,4611F-04,APR,168
563563,4636F-02,APR,168
563563,4636X-04,APR,168
563563,4636Z-04,APR,168
563563,46506-04,APR,168
563563,4115L-02,APR,168
563563,4636T-04,APR,168
563563,4637C-04,APR,178
563563,4636H-04,APR,168
563563,4611D-02,APR,168
568568,4636H-04,APR,168
568568,4636Z-04,APR,168
568568,4611D-02,APR,137
568568,4637N-02,APR,168
568568,46520-04,APR,168
568568,4636K-04,APR,168
568568,4637H-04,APR,168
571571,254PF-04,APR,168
571571,4611E-04,APR,123
571571,4611F-04,APR,123
571571,4637N-02,APR,123
571571,4636U-04,APR,123
571571,4115L-02,APR,123
571571,4636X-04,APR,178
571571,4636Z-04,APR,168
571571,4636F-02,APR,168
571571,4611D-02,APR,168
571571,46506-04,APR,168
571571,4636T-04,APR,168
571571,4636H-04,APR,168
571571,46520-04,APR,168
571571,4636P-04,APR,168
571571,4637C-04,APR,168
571571,4637B-04,APR,168
571571,4637H-04,APR,168
571571,11521-04,APR,680
571571,254AU-04,APR,168
571571,4611H-02,APR,127
571571,4637A-02,APR,168
571571,4637G-04,APR,168
577577,4611C-06,APR,148
577577,4611E-04,APR,128
584584,4611C-06,APR,128
584584,4611F-04,APR,128
584584,254PF-04,APR,168
584584,4611D-02,APR,137
584584,4637N-02,APR,168
584584,4636X-04,APR,178
584584,4636U-04,APR,168
584584,4636H-04,APR,168
584584,4636F-02,APR,168
584584,46520-04,APR,168
584584,4611E-04,APR,127
589589,4611C-06,APR,128
589589,4637P-02,APR,168
589589,254PF-04,APR,168
589589,4115H-04,APR,168
589589,4611F-04,APR,168
589589,4636U-04,APR,168
589589,4636X-04,APR,178
589589,4611E-04,APR,168
589589,4636F-02,APR,168
589589,4636H-04,APR,178
589589,4115L-02,APR,168
589589,4611D-02,APR,168
589589,4636Z-04,APR,168
589589,4637B-04,APR,178
589589,4637N-02,APR,168
589589,46506-04,APR,127
589589,4636T-04,APR,168
589589,46520-04,APR,168
589589,4637H-04,APR,168
589589,4637C-04,APR,168
589589,4636P-04,APR,168
589589,4636K-04,APR,168
593593,4611C-06,APR,128
593593,4636F-02,APR,168
593593,41238-04,APR,168
593593,4611E-04,APR,168
593593,4611F-04,APR,178
593593,4636X-04,APR,178
593593,4636H-04,APR,168
593593,46506-04,APR,168
593593,4637N-02,APR,168
593593,4636Z-04,APR,168
593593,4636T-04,APR,168
593593,4611D-02,APR,168
593593,4637C-04,APR,168
593593,4636P-04,APR,168
593593,4636K-04,APR,168
593593,46520-04,APR,168
593593,4637H-04,APR,168
594594,4637P-02,APR,168
594594,4636U-04,APR,168
594594,4115H-04,APR,168
594594,254PF-04,APR,168
594594,4611C-06,APR,168
594594,4115L-02,APR,168
594594,4636F-02,APR,168
594594,4611F-04,APR,127
594594,46506-04,APR,127
594594,4611D-02,APR,168
594594,4636H-04,APR,178
594594,4636L-04,APR,168
599599,4636U-04,APR,168
599599,4611C-06,APR,168
599599,254PF-04,APR,168
599599,4636X-04,APR,178
599599,4611F-04,APR,127
599599,4636F-02,APR,168
599599,4115L-02,APR,123
599599,4637P-02,APR,123
599599,4611E-04,APR,168
599599,4637N-02,APR,168
599599,4611D-02,APR,168
599599,4636H-04,APR,168
599599,46506-04,APR,168
599599,4636Z-04,APR,168
599599,254AU-04,APR,168
599599,46520-04,APR,168
599599,4637C-04,APR,168
599599,4636T-04,APR,168
605605,254PF-04,APR,168
605605,4115H-04,APR,168
605605,4611C-06,APR,168
605605,4636U-04,APR,168
605605,4637P-02,APR,168
605605,41238-04,APR,168
605605,4611E-04,APR,168
605605,4636F-02,APR,168
605605,4636X-04,APR,168
605605,4115L-02,APR,168
605605,46506-04,APR,168
605605,4637N-02,APR,168
605605,4636Z-04,APR,168
605605,4611D-02,APR,168
605605,4636K-04,APR,168
605605,4637H-04,APR,168
605605,4636T-04,APR,168
609609,4636U-04,APR,168
609609,4637P-02,APR,168
609609,254PF-04,APR,168
609609,4636X-04,APR,168
609609,4636F-02,APR,168
609609,4115L-02,APR,168
609609,4636Z-04,APR,168
609609,4636T-04,APR,168
609609,46506-04,APR,168
611611,254PF-04,APR,168
611611,4637P-02,APR,168
611611,4115H-04,APR,168
611611,4636U-04,APR,168
611611,41238-04,APR,168
611611,4115L-02,APR,168
611611,4636X-04,APR,168
611611,4611C-06,APR,168
611611,4611E-04,APR,168
611611,4611F-04,APR,178
611611,4636F-02,APR,168
611611,4636Z-04,APR,168
611611,4611D-02,APR,168
611611,4636T-04,APR,168
611611,46520-04,APR,168
611611,4636H-04,APR,168
611611,46506-04,APR,168
611611,4637N-02,APR,168
611611,4637H-04,APR,168
611611,4636K-04,APR,168
611611,4637C-04,APR,168
611611,4637B-04,APR,168
611611,4636P-04,APR,168
614614,4636U-04,APR,168
614614,254PF-04,APR,168
614614,4115H-04,APR,168
614614,4637P-02,APR,168
614614,4636X-04,APR,168
614614,4636F-02,APR,168
614614,4611F-04,APR,168
614614,41238-04,APR,178
614614,4115L-02,APR,123
614614,4611C-06,APR,123
614614,4611E-04,APR,123
614614,4636Z-04,APR,168
614614,46506-04,APR,168
614614,4637N-02,APR,168
614614,4636H-04,APR,168
614614,4611D-02,APR,168
614614,4636T-04,APR,168
614614,4637B-04,APR,168
614614,4637C-04,APR,168
614614,4636P-04,APR,168
614614,4637H-04,APR,168
614614,4636K-04,APR,168
614614,46520-04,APR,168
614614,4636B-04,APR,168
614614,4637L-04,APR,168
614614,4637A-02,APR,168
614614,4637F-04,APR,168
614614,4636L-04,APR,168
614614,4636M-02,APR,168
614614,4637J-02,APR,168
619619,4637P-02,APR,168
619619,4636U-04,APR,168
619619,4611C-06,APR,168
619619,254PF-04,APR,168
619619,4115H-04,APR,168
619619,4636Z-04,APR,168
619619,4636F-02,APR,168
619619,4636X-04,APR,168
619619,4611E-04,APR,168
619619,41238-04,APR,168
619619,4115L-02,APR,168
619619,4611F-04,APR,137
619619,4611D-02,APR,168
619619,4636T-04,APR,168
619619,4637N-02,APR,168
619619,2540L-04,APR,128
619619,46506-04,APR,137
619619,4636L-04,APR,168
619619,4636P-04,APR,168
619619,4637C-04,APR,168
619619,46520-04,APR,168
619619,254AU-04,APR,168
619619,4611H-02,APR,127
619619,4636D-02,APR,168
619619,4636H-04,APR,168
619619,4636R-04,APR,168
625625,254PF-04,APR,168
625625,4636U-04,APR,168
625625,4611C-06,APR,168
625625,4637P-02,APR,168
625625,4636F-02,APR,168
625625,41238-04,APR,168
625625,4115L-02,APR,168
625625,4636Z-04,APR,168
625625,4636X-04,APR,168
625625,4637N-02,APR,168
625625,4636T-04,APR,168
625625,46506-04,APR,168
629629,4637P-02,APR,168
629629,4115H-04,APR,168
629629,4611C-06,APR,168
629629,4636U-04,APR,168
629629,254PF-04,APR,168
629629,41238-04,APR,168
629629,4611E-04,APR,168
629629,4636Z-04,APR,168
629629,4636X-04,APR,168
629629,4115L-02,APR,168
629629,4636F-02,APR,168
629629,4637N-02,APR,168
629629,2540L-04,APR,128
629629,46506-04,APR,137
629629,4611F-04,APR,168
629629,4636T-04,APR,168
629629,4611D-02,APR,168
629629,46520-04,APR,168
629629,4637C-04,APR,168
629629,4636P-04,APR,168
629629,4636L-04,APR,168
629629,254AU-04,APR,168
629629,4637A-02,APR,168
629629,4611H-02,APR,127
629629,4636R-04,APR,168
629629,4636H-04,APR,168
631631,4636U-04,APR,168
631631,4115H-04,APR,168
631631,4637P-02,APR,168
631631,4611C-06,APR,178
631631,4115L-02,APR,168
631631,4636X-04,APR,168
631631,4636F-02,APR,168
631631,4636Z-04,APR,168
631631,46506-04,APR,168
631631,4637N-02,APR,168
631631,4636T-04,APR,168
631631,4611E-04,APR,168
631631,4611D-02,APR,168
636636,4115H-04,APR,168
636636,4636F-02,APR,168
636636,254PF-04,APR,168
636636,4636X-04,APR,168
636636,4636H-04,APR,168
636636,4636Z-04,APR,168
636636,4611D-02,APR,137
636636,46506-04,APR,168
636636,41238-04,APR,168
636636,4115L-02,APR,123
636636,4611F-04,APR,123
636636,4636U-04,APR,123
636636,4637P-02,APR,123
636636,4611C-06,APR,123
636636,4637N-02,APR,123
636636,4637C-04,APR,168
636636,4636T-04,APR,168
636636,46520-04,APR,168
636636,4636P-04,APR,168
636636,4636K-04,APR,168
636636,4637H-04,APR,168
636636,4637B-04,APR,178
636636,4636R-04,APR,168
636636,4636L-04,APR,168
636636,4636M-02,APR,168
636636,4611H-02,APR,127
642642,254PF-04,APR,168
642642,4636U-04,APR,168
642642,4637P-02,APR,168
642642,4636X-04,APR,168
642642,4636Z-04,APR,168
648648,4637P-02,APR,168
648648,4611C-06,APR,178
648648,4636U-04,APR,168
648648,254PF-04,APR,168
648648,4636X-04,APR,168
648648,4115L-02,APR,168
648648,4636F-02,APR,168
648648,4611D-02,APR,168
648648,46506-04,APR,168
648648,4636Z-04,APR,168
648648,4637N-02,APR,168
648648,4636T-04,APR,168
648648,4637C-04,APR,168
648648,4611E-04,APR,168
648648,46520-04,APR,168
648648,41238-04,APR,168
649649,4636U-04,APR,168
649649,254PF-04,APR,168
649649,4637P-02,APR,168
649649,4611C-06,APR,178
649649,4115L-02,APR,168
649649,4611E-04,APR,168
649649,4636X-04,APR,168
649649,4636Z-04,APR,168
649649,4637N-02,APR,168
649649,4611D-02,APR,127
649649,46520-04,APR,168
651651,4611C-06,APR,178
651651,41238-04,APR,128
651651,4636X-04,APR,178
651651,4637P-02,APR,168
651651,4636U-04,APR,168
651651,4636Z-04,APR,168
651651,4636F-02,APR,168
651651,4611F-04,APR,127
651651,4611E-04,APR,168
651651,4611D-02,APR,168
651651,15091-04,APR,123
651651,4115L-02,APR,123
651651,4115H-04,APR,123
651651,254PF-04,APR,123
651651,11521-04,APR,123
651651,46506-04,APR,168
651651,4637N-02,APR,168
651651,46520-04,APR,168
651651,4636H-04,APR,168
651651,4636T-04,APR,168
651651,4637H-04,APR,168
651651,4637C-04,APR,168
651651,4637B-04,APR,168
651651,4636K-04,APR,168
651651,4636P-04,APR,168
651651,4637L-04,APR,168
651651,4636R-04,APR,168
651651,4636M-02,APR,168
651651,4636L-04,APR,168
651651,4636D-02,APR,168
651651,4637G-04,APR,168
658658,4636X-04,APR,178
658658,4636U-04,APR,168
658658,4115L-02,APR,168
658658,4611E-04,APR,168
658658,4611C-06,APR,127
658658,46506-04,APR,127
658658,4636Z-04,APR,168
658658,4636T-04,APR,168
663663,4636U-04,APR,168
663663,4115L-02,APR,123
663663,4611C-06,APR,123
663663,4611E-04,APR,123
663663,4611D-02,APR,137
663663,4611F-04,APR,168
663663,4636F-02,APR,168
663663,4637P-02,APR,168
663663,4637N-02,APR,168
663663,4636Z-04,APR,168
663663,4637H-04,APR,168
663663,4636X-04,APR,168
663663,4636H-04,APR,178
666666,254PF-04,APR,168
666666,4636U-04,APR,168
666666,4637P-02,APR,168
666666,4636X-04,APR,168
671671,4636U-04,APR,168
671671,254PF-04,APR,168
671671,4637P-02,APR,168
671671,4636F-02,APR,168
671671,4636X-04,APR,168
671671,4636T-04,APR,168
671671,4637N-02,APR,168
671671,4636Z-04,APR,168
671671,4115L-02,APR,168
671671,4611C-06,APR,168
671671,41238-04,APR,168
671671,46506-04,APR,168
677677,4637P-02,APR,168
677677,4636U-04,APR,168
677677,4611C-06,APR,168
677677,4115H-04,APR,168
677677,254PF-04,APR,168
677677,4636X-04,APR,168
677677,4115L-02,APR,168
677677,4636F-02,APR,168
677677,4636T-04,APR,168
677677,46506-04,APR,168
677677,4637N-02,APR,168
677677,4636Z-04,APR,168
677677,2540L-04,APR,127
677677,4637H-04,APR,168
677677,4611F-04,APR,137
677677,4611D-02,APR,127
682682,4636U-04,APR,168
682682,4611C-06,APR,168
682682,4115H-04,APR,168
682682,254PF-04,APR,168
682682,4637P-02,APR,168
682682,4636F-02,APR,168
682682,4636X-04,APR,168
682682,4115L-02,APR,168
682682,4611F-04,APR,168
682682,4611E-04,APR,168
682682,4636T-04,APR,168
682682,4636H-04,APR,168
682682,4636Z-04,APR,168
682682,4637N-02,APR,168
682682,46506-04,APR,168
682682,4611D-02,APR,168
682682,4637C-04,APR,168
682682,4637H-04,APR,168
682682,46520-04,APR,168
682682,11521-04,APR,670
682682,4636K-04,APR,168
682682,4636P-04,APR,168
687687,4637P-02,APR,168
687687,254PF-04,APR,168
687687,4115H-04,APR,168
687687,4611C-06,APR,168
687687,4636U-04,APR,168
687687,4611E-04,APR,123
687687,4611F-04,APR,123
687687,4115L-02,APR,123
687687,4636F-02,APR,168
687687,4636H-04,APR,168
687687,4611D-02,APR,168
687687,4636Z-04,APR,168
687687,4636X-04,APR,168
687687,4637N-02,APR,168
687687,41238-04,APR,168
687687,46520-04,APR,168
687687,46506-04,APR,168
687687,4637H-04,APR,168
687687,4637B-04,APR,168
687687,4637A-02,APR,168
687687,4636K-04,APR,168
691691,254PF-04,APR,168
691691,4636F-02,APR,168
691691,4636U-04,APR,168
691691,4636Z-04,APR,168
691691,4611F-04,APR,123
691691,4636X-04,APR,123
691691,4637P-02,APR,123
691691,4115H-04,APR,168
691691,4637N-02,APR,168
691691,4611C-06,APR,123
691691,46506-04,APR,168
691691,4115L-02,APR,168
698698,4637P-02,APR,168
698698,4636U-04,APR,168
698698,254PF-04,APR,168
698698,4636Z-04,APR,168
698698,4636X-04,APR,168
698698,4636B-04,APR,168
698698,4611C-06,APR,137
698698,2540L-04,APR,168
702702,254PF-04,APR,168
702702,4611D-02,APR,137
702702,4636H-04,APR,168
702702,4636Z-04,APR,168
702702,4636F-02,APR,123
702702,4611C-06,APR,123
702702,41238-04,APR,123
702702,4636U-04,APR,123
702702,4637P-02,APR,123
702702,4611F-04,APR,123
702702,4115L-02,APR,123
702702,4636X-04,APR,168
702702,4637B-04,APR,168
702702,46506-04,APR,137
702702,4115H-04,APR,168
702702,4611H-02,APR,127
702702,4637N-02,APR,168
702702,4636R-04,APR,168
702702,46520-04,APR,123
702702,4636K-04,APR,123
702702,4636L-04,APR,123
702702,4637C-04,APR,123
702702,4611E-04,APR,123
702702,4636T-04,APR,123
702702,4637H-04,APR,123
702702,4637K-02,APR,168
702702,4637A-02,APR,168
702702,2540L-04,APR,127
702702,254AU-04,APR,168
702702,4637E-02,APR,168
702702,4636P-04,APR,168
702702,4636M-02,APR,168
709709,4636U-04,APR,168
709709,254PF-04,APR,168
709709,4637P-02,APR,168
709709,4637N-02,APR,168
709709,4611E-04,APR,168
709709,4636X-04,APR,168
709709,4636Z-04,APR,168
709709,4636B-04,APR,168
709709,254AU-04,APR,168
715715,4611E-04,APR,168
715715,4611C-06,APR,178
715715,4115H-04,APR,168
715715,254PF-04,APR,168
715715,4636U-04,APR,123
715715,4115L-02,APR,123
715715,4637P-02,APR,123
715715,4611F-04,APR,178
715715,4636X-04,APR,178
715715,4611D-02,APR,168
715715,4636F-02,APR,168
715715,41238-04,APR,168
715715,4637N-02,APR,168
715715,4636T-04,APR,168
715715,4636H-04,APR,168
715715,4636Z-04,APR,168
715715,46506-04,APR,168
715715,4636K-04,APR,168
715715,4636P-04,APR,168
715715,46520-04,APR,168
715715,4637C-04,APR,168
715715,4637H-04,APR,168
717717,2540L-04,APR,127
723723,4637P-02,APR,168
723723,254PF-04,APR,168
723723,4636U-04,APR,168
726726,4637P-02,APR,168
726726,4636U-04,APR,168
726726,4115H-04,APR,168
726726,254PF-04,APR,168
726726,4611C-06,APR,127
726726,41238-04,APR,127
726726,4115L-02,APR,168
726726,4611E-04,APR,168
726726,4636X-04,APR,168
726726,4636T-04,APR,168
726726,4611F-04,APR,168
726726,46506-04,APR,127
726726,4637N-02,APR,168
726726,4637J-02,APR,168
726726,4611D-02,APR,137
727727,4115H-04,APR,168
727727,4637P-02,APR,168
727727,4636U-04,APR,168
727727,4611C-06,APR,168
727727,254PF-04,APR,168
727727,4636X-04,APR,168
727727,4611E-04,APR,168
727727,4611F-04,APR,168
727727,4636F-02,APR,168
727727,4115L-02,APR,168
727727,41238-04,APR,168
727727,46506-04,APR,168
727727,4636Z-04,APR,168
727727,4636T-04,APR,168
727727,4636H-04,APR,168
727727,4611D-02,APR,168
727727,4637N-02,APR,168
732732,4115H-04,APR,168
732732,4636U-04,APR,168
732732,4637P-02,APR,168
732732,254PF-04,APR,168
732732,4611C-06,APR,127
732732,4115L-02,APR,168
732732,4636X-04,APR,168
732732,4611E-04,APR,168
732732,4611D-02,APR,127
732732,4636Z-04,APR,168
732732,2540L-04,APR,168
732732,4636F-02,APR,168
738738,4611C-06,APR,168
738738,4115H-04,APR,168
738738,254PF-04,APR,168
738738,4637P-02,APR,168
738738,4636U-04,APR,168
738738,4115L-02,APR,168
738738,4636X-04,APR,168
738738,4611E-04,APR,168
738738,4611F-04,APR,168
738738,4636F-02,APR,168
738738,41238-04,APR,168
738738,4636T-04,APR,168
738738,4611D-02,APR,168
738738,4636H-04,APR,168
738738,4637N-02,APR,168
738738,4636Z-04,APR,168
738738,46506-04,APR,168
742742,254PF-04,APR,168
742742,4115H-04,APR,168
742742,4637P-02,APR,168
742742,4611C-06,APR,168
742742,4636U-04,APR,168
742742,4636Z-04,APR,168
742742,4636X-04,APR,168
742742,41238-04,APR,168
742742,4611F-04,APR,168
742742,4636F-02,APR,168
742742,4115L-02,APR,168
746746,4636F-02,APR,168
746746,4636Z-04,APR,168
746746,4637H-04,APR,123
746746,4637J-02,APR,123
746746,4637P-02,APR,123
746746,4636D-02,APR,123
746746,4611F-04,APR,123
746746,4611E-04,APR,123
746746,4611D-02,APR,123
746746,4611C-06,APR,123
746746,41238-04,APR,123
746746,4115L-02,APR,123
746746,4115H-04,APR,123
746746,254PF-04,APR,123
746746,4637C-04,APR,123
746746,4636U-04,APR,123
746746,4636K-04,APR,123
746746,4636T-04,APR,123
746746,46520-04,APR,123
748748,254PF-04,APR,168
748748,4636U-04,APR,168
748748,4637P-02,APR,168
748748,4637N-02,APR,168
748748,4636Z-04,APR,168
748748,4636X-04,APR,168
748748,2540L-04,APR,168
754754,254PF-04,APR,168
754754,4115H-04,APR,168
754754,4636U-04,APR,168
754754,4637P-02,APR,168
754754,4637N-02,APR,168
754754,4636X-04,APR,168
754754,4636Z-04,APR,168
754754,41238-04,APR,127
754754,4115L-02,APR,168
754754,4611C-06,APR,127
754754,4611E-04,APR,127
754754,4636B-04,APR,168
756756,4637P-02,APR,168
756756,254PF-04,APR,168
756756,4611C-06,APR,168
756756,4636U-04,APR,168
756756,4115H-04,APR,168
756756,4611F-04,APR,168
756756,4611E-04,APR,168
756756,4636F-02,APR,168
756756,41238-04,APR,168
756756,4115L-02,APR,168
756756,4636X-04,APR,168
756756,4636H-04,APR,168
756756,4636T-04,APR,168
756756,4611D-02,APR,168
756756,46506-04,APR,168
756756,4637N-02,APR,168
756756,4636Z-04,APR,168
763763,4637P-02,APR,168
763763,254PF-04,APR,168
763763,4636U-04,APR,168
763763,4636Z-04,APR,168
763763,4611C-06,APR,168
763763,4636X-04,APR,168
765765,4637P-02,APR,168
765765,4636U-04,APR,168
765765,254PF-04,APR,168
765765,4636Z-04,APR,168
765765,4636X-04,APR,168
765765,4611C-06,APR,127
772772,254PF-04,APR,168
772772,4637P-02,APR,168
772772,4636U-04,APR,168
772772,4636Z-04,APR,168
772772,4636F-02,APR,168
772772,4636X-04,APR,168
772772,4636B-04,APR,168
772772,46506-04,APR,168
772772,4636T-04,APR,168
774774,4115H-04,APR,168
774774,4636U-04,APR,168
774774,4637P-02,APR,168
774774,4636X-04,APR,168
774774,4115L-02,APR,168
774774,4611C-06,APR,137
774774,11521-04,APR,123
774774,15091-04,APR,123
774774,41238-04,APR,123
774774,4611D-02,APR,168
774774,4611F-04,APR,168
774774,4636F-02,APR,168
774774,4636Z-04,APR,123
774774,2540L-04,APR,123
774774,254PF-04,APR,123
781781,4611C-06,APR,178
781781,2540L-04,APR,127
781781,4611D-02,APR,137
781781,46506-04,APR,168
781781,4611E-04,APR,123
781781,4637N-02,APR,123
781781,4611F-04,APR,123
787787,254PF-04,APR,168
787787,4637P-02,APR,168
787787,4636X-04,APR,168
787787,4611E-04,APR,168
787787,4636U-04,APR,123
787787,4115H-04,APR,123
787787,24135-02,APR,123
787787,2540L-04,APR,123
787787,4637N-02,APR,168
787787,41238-04,APR,168
794794,254PF-04,APR,168
794794,4637P-02,APR,168
794794,4636U-04,APR,168
794794,4611C-06,APR,168
794794,4636X-04,APR,168
796796,254PF-04,APR,168
796796,4636U-04,APR,168
796796,2540L-04,APR,168
796796,4637P-02,APR,168
802802,254PF-04,APR,168
802802,4115H-04,APR,168
802802,4611C-06,APR,168
802802,4637P-02,APR,168
802802,4636U-04,APR,168
803803,4636U-04,APR,168
803803,254PF-04,APR,168
803803,4636Z-04,APR,168
803803,4637P-02,APR,123
803803,4115L-02,APR,123
803803,4115H-04,APR,123
803803,4611C-06,APR,123
803803,4611D-02,APR,137
803803,4636B-04,APR,168
809809,4611C-06,APR,168
809809,254PF-04,APR,168
809809,4115H-04,APR,168
809809,4636U-04,APR,168
809809,4637P-02,APR,168
809809,4115L-02,APR,123
809809,4636F-02,APR,168
809809,4636Z-04,APR,168
809809,4611D-02,APR,137
810810,254PF-04,APR,168
810810,4636U-04,APR,168
810810,4115L-02,APR,168
810810,4636Z-04,APR,168
812812,4115H-04,APR,168
812812,4636U-04,APR,168
812812,254PF-04,APR,168
812812,4637P-02,APR,168
812812,4636X-04,APR,168
812812,4611E-04,APR,168
812812,4611C-06,APR,168
812812,41238-04,APR,168
812812,4115L-02,APR,168
813813,4115H-04,APR,168
813813,4636U-04,APR,168
813813,4637P-02,APR,168
813813,254PF-04,APR,168
813813,4611C-06,APR,127
813813,4636X-04,APR,168
813813,4636F-02,APR,168
813813,4611F-04,APR,168
813813,41238-04,APR,168
813813,4115L-02,APR,168
816816,4637P-02,APR,168
816816,4636U-04,APR,168
816816,4611C-06,APR,168
816816,4115H-04,APR,168
816816,254PF-04,APR,168
